,date,organization,text,neg,neu,pos,compound
0,2018-04-05,BBC,"? Could building walkways in nature help save these big cats?
#BigCatsAboutTheHouse https://t.co/NdkxCDBpee",0.0,0.629,0.371,0.7096
1,2018-04-05,BBC,"?? Pocket-friendly recipes for two.
? https://t.co/CzuDNQNw3B https://t.co/xbrrmlIgNF",0.0,1.0,0.0,0.0
2,2018-04-05,BBC,"? From illegal ivory to taxidermy, take a peek inside the banned wildlife room at Heathrow Airport. https://t.co/8yIok0eobX",0.32,0.68,0.0,-0.765
3,2018-04-05,BBC,RT @bbccomedy: Smithy is an irl ray of #sunshine. https://t.co/NgA4t4jZob,0.0,1.0,0.0,0.0
4,2018-04-05,BBC,"RT @BBCTheOneShow: ..@DIYSOS  are building a gym and community area for the Grenfell community, but @MrNickKnowles needs something specific…",0.0,1.0,0.0,0.0
5,2018-04-05,BBC,"RT @bbcmusic: STOP EVERYTHING: @GaryBarlow is coming to Sounds Like Friday Night ?? 
Don't miss it: 7.30pm, Friday, @BBCOne ?#SLFN https://…",0.118,0.724,0.159,0.0028
6,2018-04-05,BBC,"RT @BBCOne: You took your sweet time. 

#Poldark #sunshine https://t.co/Ep33Zt5YZi",0.0,0.75,0.25,0.4588
7,2018-04-05,BBC,"It's time society stopped judging black women by their hair, British-Somali artist @blackpowerpufff says.… https://t.co/lRmAfxmefR",0.119,0.881,0.0,-0.2263
8,2018-04-05,BBC,? A biography about conjoined twins from Siam who became US slave-owners + 9 other books to bury your nose in this… https://t.co/1UfP6LTH0i,0.0,1.0,0.0,0.0
9,2018-04-05,BBC,RT @BBCSport: Scotland's Hannah Miley takes the silver in the women's 400m individual medley! ? https://t.co/GrailyYrno #bbcgoldcoast https…,0.0,1.0,0.0,0.0
10,2018-04-05,BBC,?? A trio of baby red squirrels have been rescued in Perthshire.  https://t.co/d2r7c8EyUh,0.0,0.797,0.203,0.4215
11,2018-04-05,BBC,"RT @BBCBreakfast: Some GOOD plastic news!
Marine conservationists say the 5p carrier bag charge has reduced the amount of single use plasti…",0.0,0.843,0.157,0.6027
12,2018-04-05,BBC,"RT @BBCRadio2: What happens when you put one harp, three fiddles, and the cream of the folk world in one room?

We brought together @elizac…",0.0,1.0,0.0,0.0
13,2018-04-05,BBC,"RT @BBCRadio4: Is @Youtube a form of folk art?
The #Unpopped podcast looks at the rise and dominance of YouTube and YouTubers with @sophieh…",0.0,0.924,0.076,0.2023
14,2018-04-05,BBC,"RT @bbcasiannetwork: ?It's your last chance to apply for placements at @BBCR1 @1Xtra and Asian Network in our Where It Begins Scheme! ?
Wha…",0.0,0.906,0.094,0.3164
15,2018-04-05,BBC,"RT @bbcthree: ""Let me guess, your name is Singh?"" and other things not to say to Sikh people. https://t.co/tZLfWssxez",0.0,1.0,0.0,0.0
16,2018-04-05,BBC,"RT @BBCSport: It was a tough day in the office for this Cypriot gymnast.

#bbcgoldcoast #GC2018 https://t.co/Xmt9bgMyeQ",0.091,0.909,0.0,-0.128
17,2018-04-05,BBC,"RT @bbcweather: *Public service announcement*
Ladies and gentlemen DO NOT be alarmed! I've checked through our 'big book of weather', and I…",0.114,0.886,0.0,-0.4003
18,2018-04-05,BBC,"? No kidding, goat pilates is a real thing. https://t.co/kmuOKupPwB",0.229,0.625,0.146,-0.2023
19,2018-04-05,BBC,"RT @BBCNewsEnts: Florence + The Machine, @DemiLovato @BastilleDan and @QueensChristine have been added to the line-up for @BBCMusic's Bigge…",0.0,1.0,0.0,0.0
20,2018-04-05,BBC,"?? Monet in the city: A rarely-seen side of the great Impressionist. 
?https://t.co/IFaHpevPfG https://t.co/E9UwhYfz32",0.0,0.643,0.357,0.7269
21,2018-04-05,BBC,Doctor Kathryn Mannix on why we need to talk about death. https://t.co/TlFgCB78Lm,0.262,0.738,0.0,-0.5994
22,2018-04-04,BBC,"Tonight, @PatricKielty explores the legacy of Northern Ireland's peace deal, 20 years on. 

My Dad, the Peace Deal… https://t.co/5xNLeIgiUM",0.0,0.708,0.292,0.7906
23,2018-04-04,BBC,This 83-year-old lingerie model has a powerful message about ageing. https://t.co/F0p12gFvFu,0.0,0.763,0.237,0.4215
24,2018-04-04,BBC,RT @BBC6Music: ? Make a date with Cillian Murphy this Friday from 7-9pm BST as he sits in for @IggyPop. Listen worldwide https://t.co/Dd2ji…,0.0,1.0,0.0,0.0
25,2018-04-04,BBC,Don’t miss the highlights of the #CommonwealthGames Opening Ceremony from Australia’s Gold Coast.  ?????? #GC2018… https://t.co/krMnULo1NJ,0.096,0.904,0.0,-0.1531
26,2018-04-04,BBC,Does your name match your face? https://t.co/N2kzChM8dc,0.0,1.0,0.0,0.0
27,2018-04-04,BBC,"Animal cloning is becoming more common – and cloning extinct species could be on the horizon. 

Could parks and zoo… https://t.co/WKRdKGZiQE",0.0,1.0,0.0,0.0
28,2018-04-04,BBC,?? A Canadian man has been 'pardoned' by a luxury hotel after his room was ransacked by a flock of pepperoni-loving… https://t.co/TvU39MT9pl,0.0,1.0,0.0,0.0
29,2018-04-04,BBC,"RT @BBCYoungMus: The search for the next #bbcyoungmusician begins this Friday with 5 incredible strings finalists@BBCFOUR,7.30. Missed our…",0.121,0.879,0.0,-0.296
30,2018-04-04,BBC,"?? Who's excited to see @LittleMix on Sounds Like Friday Night!?

#SLFN | @BBCOne | Friday, 7.30pm https://t.co/474h2EwXjv",0.0,0.729,0.271,0.636
31,2018-04-04,BBC,"RT @BBCWomansHour: Today #MayaAngelou would have turned 90 ? Poet, director, ambassador, actor and civil-rights activist were just a few of…",0.0,1.0,0.0,0.0
32,2018-04-04,BBC,"You can't be 'a bit OCD'.

Challenging some of the common misconceptions about #OCD. https://t.co/nGIf4mMJc4",0.0,0.897,0.103,0.1531
33,2018-04-04,BBC,"The Games are here. But how much do you really know about the Commonwealth? 
Play our quiz to find out. 
?… https://t.co/tQeekDEvWo",0.0,0.897,0.103,0.34
34,2018-04-04,BBC,"RT @BBCArchive: Dr Martin Luther King speaking with John Freeman on Face to Face.
You can watch the interview in full here: https://t.co/BX…",0.0,0.891,0.109,0.4019
35,2018-04-04,BBC,"RT @VictoriaLIVE: ""How will the dream live on in me, in you, in all of us?""

@Oprah Winfrey pays tribute to the civil rights leader Dr Mart…",0.0,0.929,0.071,0.25
36,2018-04-04,BBC,"RT @bbcthesocial: You're never too old for a selfie ??

@Antonis95K https://t.co/VHihA5XOrY",0.0,1.0,0.0,0.0
37,2018-04-04,BBC,"?? A police force's e-fit of a burglary suspect has been mocked for its resemblance to the Cheshire Cat.
?… https://t.co/VdkfuAmiFI",0.209,0.791,0.0,-0.5423
38,2018-04-04,BBC,?? There's a good reason why this woman was asked to play the flute during brain surgery.  https://t.co/I5FpONxP4f,0.0,0.739,0.261,0.6486
39,2018-04-04,BBC,RT @BBCTwo: How did he work this out so quickly?! ? #UniversityChallenge https://t.co/Lor9fiz59l,0.0,1.0,0.0,0.0
40,2018-04-04,BBC,"RT @bbcworldservice: The whales who love to sing in the dark ?  https://t.co/bm6YjWskkt 

(? Turn up the volume for this one!) https://t.co…",0.0,0.817,0.183,0.6696
41,2018-04-04,BBC,"Did Martin Luther King achieve his life's dream?
? https://t.co/xZyN5SU62z https://t.co/fpiku6X6FP",0.0,0.818,0.182,0.25
42,2018-04-04,BBC,"? This seven-week-old jaguar is on a serious mission!  
#BigCatsAboutTheHouse https://t.co/JbiRyVXDCL",0.166,0.834,0.0,-0.1511
43,2018-04-03,BBC,"Philomena Cunk's landmark mockumentary series takes us through Britain's history, journeying from the Big Bang to B… https://t.co/1rF5k3acxy",0.0,0.929,0.071,0.0772
44,2018-04-03,BBC,"? Andrew Scott performs the opening lines of #Shakespeare's most famous soliloquy. 

#Hamlet | Watch on @BBCiPlayer https://t.co/zZ15WjA9CL",0.0,1.0,0.0,0.0
45,2018-04-03,BBC,"No time to shop or cook? No problem! 
?????
These easy recipes only have five ingredients.
? https://t.co/RanWkLFdlU https://t.co/moI1Af2olz",0.304,0.576,0.119,-0.5411
46,2018-04-03,BBC,"RT @BBCTwo: Tonight at 9pm, a cancer surgeon returns from annual leave to find his surgical list has snowballed due to staff shortages. #Ho…",0.265,0.735,0.0,-0.7351
47,2018-04-03,BBC,?? Fancy a dip? https://t.co/gpfkGcue3C,0.0,1.0,0.0,0.0
48,2018-04-03,BBC,"What's it like to live with a brain tumour? 
?? Ten-year-old Josh says it's all about staying happy and thinking of… https://t.co/HbjxBc3vYF",0.0,0.754,0.246,0.7351
49,2018-04-03,BBC,RT @BBCR1: Yessssss @NiallOfficial's Live Lounge cover of @juliamichaels' Issues is exactly what we needed today ? https://t.co/WeYj36TR67,0.0,1.0,0.0,0.0
50,2018-04-03,BBC,RT @BBCFOUR: Meet the woman who rocked the darts world... https://t.co/qMkRuTGDmW,0.0,1.0,0.0,0.0
51,2018-04-03,BBC,RT @TWBBC: Koko is a gorilla who has learnt sign language and even appears to have learnt to lie. This suggests she has a 'theory of mind'…,0.0,1.0,0.0,0.0
52,2018-04-03,BBC,"A Chinese family have been reunited with their daughter after a 24 year search.
? https://t.co/BDR7X4fukg https://t.co/J5BvVEw98q",0.0,1.0,0.0,0.0
53,2018-04-03,BBC,RT @bbccomedy: Philomena Cunk examines the barbaric conditions in which we keep today's dinosaurs. #CunkOnBritain @missdianemorgan https://…,0.0,1.0,0.0,0.0
54,2018-04-03,BBC,RT @BBCClick: Street Fighter II being played in your street? See how this classic game is brought to life with augmented reality! https://t…,0.0,0.83,0.17,0.5093
55,2018-04-03,BBC,#TheSecretHelpers is on @BBCTwo tonight at 7pm. ? https://t.co/grtaCChy4G,0.0,1.0,0.0,0.0
56,2018-04-03,BBC,"RT @BBCWales: The 2018 Commonwealth Games open today. Here's @TeamWales diver Aiden Heslop's story...

https://t.co/Rx0JsArMdi",0.0,1.0,0.0,0.0
57,2018-04-03,BBC,"Would you let a stranger help you in a nerve-wracking situation? 

Secret helpers in South Africa gave Jonny romanc… https://t.co/LRwo1LQteF",0.0,0.769,0.231,0.5859
58,2018-04-03,BBC,"8-year-old Alexa is going blind, so she's created a list of things she wants to see before that happens. ??https://t.co/7UAs9sWBDn",0.123,0.773,0.104,-0.1082
59,2018-04-03,BBC,RT @bbcthesocial: We're looking for folk to make videos with us! Get involved ? https://t.co/YY6eK82XPc,0.0,1.0,0.0,0.0
60,2018-04-03,BBC,"RT @BBCScotland: A classic nursery rhyme like you've never heard it before ? 

@DaftLimmy returns to our tellies with Limmy's Homemade Show…",0.0,0.884,0.116,0.3612
61,2018-04-03,BBC,"When this woman visited an uninhabited Caribbean island, the last thing she expected was to find it covered in plas… https://t.co/2sSod0k54f",0.0,1.0,0.0,0.0
62,2018-04-03,BBC,RT @bbcthesocial: We're flipping the script on dyslexia (watch to the end!) https://t.co/Bkc6IVWqQw,0.0,1.0,0.0,0.0
63,2018-04-03,BBC,"RT @BBCR1: ""Are you ready to pump for Justin?"" ?

@MollieKing told @MattEdmondson she went on the Saturday Show to try to meet @JTimberlake…",0.0,0.898,0.102,0.3612
64,2018-04-03,BBC,RT @BBCOne: Good news klaxon! ?Shakespeare &amp; Hathaway - Private Investigators will return to @BBCOne for a second series. More info here ?…,0.0,0.862,0.138,0.4926
65,2018-04-03,BBC,?? New light has been shed on dinosaur evolution after giant prehistoric footprints were discovered on the Isle of… https://t.co/n9FwbF9lHC,0.0,1.0,0.0,0.0
66,2018-04-03,BBC,"From Mary Beard not wanting to be a TV Presenter, to the people protecting art in war zones... 

Here are 9 fascina… https://t.co/SbAVgjwbUE",0.163,0.837,0.0,-0.5994
67,2018-04-03,BBC,The winners of the Scottish Nature Photography Awards 2017 have been announced. ? ? ? https://t.co/VhRxiF5zl3 https://t.co/2SIwUQsHgH,0.0,0.663,0.337,0.7269
68,2018-04-03,BBC,"This is Maya the jaguar's very first swim! ?? #BigCatsAboutTheHouse 

https://t.co/IacZP3ltf3",0.0,1.0,0.0,0.0
69,2018-04-02,BBC,"Delve into the world of @agathachristie with Bill Nighy. ? #OrdealByInnocence
https://t.co/6amR2TK52M",0.0,1.0,0.0,0.0
70,2018-04-02,BBC,"In a revealing and emotional journey, @LennyHenry investigates the relationship between the Commonwealth, the Carib… https://t.co/b58oqaOqQz",0.0,0.897,0.103,0.1531
71,2018-04-02,BBC,"A fictionalised account of how Dave Allen became one of TV's greats. 

Dave Allen at Peace | 9pm | @BBCTwo |… https://t.co/UFyHxzmRn2",0.0,0.837,0.163,0.5423
72,2018-04-02,BBC,"Would you try a blue cheese and pear ice cream? ??

 https://t.co/g1zRQUKr0a",0.0,1.0,0.0,0.0
73,2018-04-02,BBC,"RT @BBCBreaking: South African anti-apartheid campaigner Winnie Mandela has died aged 81, her personal assistant says https://t.co/krdVvFLY…",0.184,0.816,0.0,-0.5574
74,2018-04-02,BBC,Is it easier to be a businesswoman in the West or in Asia? This is one woman's experience... https://t.co/fI84r6x06p,0.0,0.859,0.141,0.4215
75,2018-04-02,BBC,RT @BBCWorld: Hill Street Blues creator Steven Bochco dies aged 74 https://t.co/5lrOJWDuTu,0.0,1.0,0.0,0.0
76,2018-04-02,BBC,"""I have cerebral palsy. But that won't stop me from becoming a barrister."" 

This is Daniel's story. 
https://t.co/cvao6fjUoW",0.0,0.894,0.106,0.2235
77,2018-04-02,BBC,From Easter egg nest cakes to hot cross buns: @BBCFood have lots of Easter baking ideas!  ???… https://t.co/BValJcDkAd,0.0,1.0,0.0,0.0
78,2018-04-02,BBC,"? ? @SandiToksvig knows how to squeeze an egg into a glass bottle! #QI
 https://t.co/ykMxxdLKq7",0.0,1.0,0.0,0.0
79,2018-04-02,BBC,RT @BBCScotlandNews: Commonwealth Games: Eilidh Doyle chosen to be Scotland's first female flag bearer https://t.co/sX7vzZFn0E https://t.co…,0.0,1.0,0.0,0.0
80,2018-04-02,BBC,"RT @BBCRadio4: Why we ? the Shipping Forecast - Discover the secrets of the iconic weather report 
https://t.co/ozBEl8gbWv https://t.co/eJt…",0.0,1.0,0.0,0.0
81,2018-04-02,BBC,"RT @BBCSport: ""The fans were demanding something, and I gave them Zlatan.""

Imagine football without this guy ?? https://t.co/CZIQnYFIPL",0.101,0.899,0.0,-0.2263
82,2018-04-02,BBC,"RT @CBeebiesHQ: Autism feels different for everybody ?

The #Pablo cast, show us how a person with autism might experience the world in thi…",0.0,1.0,0.0,0.0
83,2018-04-02,BBC,"If there's one thing we love even more than chocolate, it's news that it may actually be good for us! But can choco… https://t.co/O5KlptGCV5",0.0,0.749,0.251,0.8122
84,2018-04-02,BBC,When you wake up and remember it's STILL the weekend. ?? #BankHoliday https://t.co/QMJ5lXS6dd,0.0,1.0,0.0,0.0
85,2018-04-02,BBC,"12-year-old Keilan has severe curvature of the spine. He needs surgery ASAP, but the operation could leave him para… https://t.co/5wl8aXiahP",0.147,0.853,0.0,-0.2732
86,2018-04-01,BBC,"RT @BBCOne: CANNOT WAIT.  

@masterchefuk #Masterchef https://t.co/6ExjLKSaXF",0.0,1.0,0.0,0.0
87,2018-04-01,BBC,"Heiress Rachel Argyll is murdered at her family estate. Eighteen months later, the identity of the murderer is thro… https://t.co/eLTDhy9dgj",0.333,0.667,0.0,-0.875
88,2018-04-01,BBC,"The Generation Game is back! Mel Giedroyc and @sueperkins host the fun family game show, with big prizes to be won… https://t.co/fsdU2b5kkd",0.0,0.752,0.248,0.7644
89,2018-04-01,BBC,RT @BBCSport: Happy April Fool's Day everyone! https://t.co/8o8K1YO4SE,0.0,0.637,0.363,0.6114
90,2018-04-01,BBC,? Who'd love their next takeaway to be delivered by a robot?  https://t.co/4GZxjNwc2K,0.0,0.704,0.296,0.6369
91,2018-04-01,BBC,"? You only need one piece of paper to make this origami Easter bunny! #EasterSunday 

? https://t.co/2QvZ01DkVM https://t.co/EQyhG2J8TN",0.0,1.0,0.0,0.0
92,2018-04-01,BBC,What is it like to grow up with HIV? Three teenagers share their stories. https://t.co/DraVkYqRTn,0.0,0.734,0.266,0.5719
93,2018-04-01,BBC,RT @BBCNews: Royal wedding: Prince Harry and Meghan Markle choose flowers https://t.co/bEV8gIGXKN,0.0,1.0,0.0,0.0
94,2018-04-01,BBC,RT @BBCiPlayer: Remember when we discovered that penguins can actually fly? #WeAreStillShook ?? https://t.co/K167WaTNN2,0.0,1.0,0.0,0.0
95,2018-04-01,BBC,"RT @bbcweather: As the RAF celebrates 100 years since its formation, here is a rather serene view of this morning's weather at #RAF #Lossie…",0.0,0.758,0.242,0.7717
96,2018-04-01,BBC,Our favourite #AprilFoolsDay was when spaghetti grew on trees in 1957. https://t.co/qRGuM9NnRZ,0.0,1.0,0.0,0.0
97,2018-04-01,BBC,Could poetry be used as a form of therapy? https://t.co/pw2hBG3heY,0.0,1.0,0.0,0.0
98,2018-04-01,BBC,RT @BBCOne: How not to prank your family this Easter. https://t.co/SMXFIukYMJ,0.0,1.0,0.0,0.0
99,2018-04-01,BBC,RT @bbcpress: Julien lives! @TchekyKaryo reprises his role as #TheMissing's Julien Baptiste in gripping new @BBCOne drama #Baptiste: https:…,0.0,1.0,0.0,0.0
100,2018-04-05,CBS,"RT @CodeBlackCBS: The intensity and emotions of your favorite show are returning to @CBS in 3 weeks.

Get excited. https://t.co/aGUNIPwRjh",0.0,0.759,0.241,0.6597
101,2018-04-05,CBS,"Don't miss @littlebigtown's amazing performance of @eltonofficial's ""Rocket Man"" under the big spotlight at Elton J… https://t.co/bqse7nhkV3",0.157,0.769,0.074,-0.3875
102,2018-04-04,CBS,Today's biggest stars are celebrating @EltonJohn's most beloved and legendary catalogue of hits with two albums dro… https://t.co/cilUdkKtjQ,0.0,0.687,0.313,0.807
103,2018-04-04,CBS,"RT @LifeInPiecesCBS: We ""literally can't even"" with how hilarious these #LifeInPieces outtakes are! ?

Introducing Laughing To Pieces! Foll…",0.0,0.712,0.288,0.7568
104,2018-04-04,CBS,"RT @YoungSheldon: Don't miss guest star @Followtheblonde in tomorrow's all-new #YoungSheldon! Trust us, you're going to love every minute.…",0.0,0.634,0.366,0.8495
105,2018-04-04,CBS,RT @MomCBS: Tomorrow's episode of #Mom is going to be a doggone good one! https://t.co/e1WI3uOxVg,0.0,0.803,0.197,0.4926
106,2018-04-04,CBS,RT @survivorcbs: There's a lot at stake when competing for actual steak. Get a glimpse at an all-new #Survivor: Ghost Island at 8/7c on CBS…,0.095,0.905,0.0,-0.3182
107,2018-04-04,CBS,RT @TVLine: #LifeInPieces Sneak Peek: Sophia and Her Stuffed Toys Stage a Musical Protest https://t.co/r16SLZlZPc,0.133,0.867,0.0,-0.25
108,2018-04-03,CBS,Whose catchy tune will take Song Of The Year at the 53rd #ACMawards? Give it up for the four nominees -… https://t.co/R9MtUNZtsw,0.0,1.0,0.0,0.0
109,2018-04-03,CBS,"Here's everything you need to know before tuning into Elton John: I'm Still Standing - A GRAMMY® Salute on Tuesday,… https://t.co/C8fiKl4j98",0.0,1.0,0.0,0.0
110,2018-04-03,CBS,"In just one week, @eltonofficial and today's hottest stars in music will join together to celebrate Elton's countle… https://t.co/ACQGHNWz8u",0.0,0.742,0.258,0.7096
111,2018-04-03,CBS,Tonight we #LightItUpBlue for greater understanding and acceptance. CBS supports #WorldAutismAwarenessDay by lighti… https://t.co/hBAXcDvP4r,0.0,0.579,0.421,0.7906
112,2018-04-02,CBS,No one does it quite like @eltonofficial. The artist himself will belt out some of his chart-topping hits on Elton… https://t.co/ckY4bUvTXI,0.092,0.792,0.116,0.1513
113,2018-04-01,CBS,The Las Vegas strip is about to light up brighter than ever before when Country Music’s Party Of The Year® takes ov… https://t.co/j1A2ZVHAoO,0.0,0.798,0.202,0.6486
114,2018-03-31,CBS,"“If you don’t do something about it, then who are you? … It can happen to anyone.” - @aplusk 

Tonight at 10/9c, a… https://t.co/EQabNc1UZI",0.0,1.0,0.0,0.0
115,2018-03-31,CBS,Give it up for @KelseaBallerini! This star is one of the Female Vocalist Of The Year nominees and she's ready to ta… https://t.co/wLyHwkEGs2,0.0,0.887,0.113,0.4199
116,2018-03-30,CBS,Take and post a photo of the woman in your life who inspires you! The photo should only have one person against a n… https://t.co/BHdxXlWfKP,0.0,0.873,0.127,0.4926
117,2018-03-29,CBS,"Expect epic performances by @kanebrown , @kelly_clarkson, @OfficialJackson, and more at this year's 53rd #ACMawards… https://t.co/3yso7Z0cjv",0.0,1.0,0.0,0.0
118,2018-03-29,CBS,"Will @HIGHVALLEY, @LancoMusic, @LOCASHmusic, @MidlandOfficial, or @runawayjune be named New Vocal Duo Or Group Of T… https://t.co/v0QIPLC47R",0.0,1.0,0.0,0.0
119,2018-03-27,CBS,Count on Entertainer Of The Year nominee @LukeBryanOnline to crash the party with an epic performance at the 53rd… https://t.co/27ua60HTqu,0.108,0.68,0.212,0.3818
120,2018-03-27,CBS,Join @eltonofficial and some of today's hottest names in music when they take the stage to perform his most memorab… https://t.co/jz0jaShZIj,0.0,0.901,0.099,0.296
121,2018-03-26,CBS,"RT @ACMawards: The ACM for New Vocal Group of the Year goes to @MidlandOfficial! And yes, that really was @Reba on the phone! #ACMawards ht…",0.0,0.88,0.12,0.508
122,2018-03-26,CBS,"RT @ACMawards: In case you didn’t know, the ACM for New Male Vocalist of the Year goes to @BrettYoungMusic. Check out his reaction when @Re…",0.0,1.0,0.0,0.0
123,2018-03-26,CBS,RT @ACMawards: Over the weekend @Reba called the ACM New Artist of the Year winners to let them know they had won! Let’s just say our New F…,0.0,0.786,0.214,0.7959
124,2018-03-26,CBS,"Congratulations to the 53rd #ACMawards New Artist winners @Lauren_Alaina, @MidlandOfficial, and @BrettYoungMusic! W… https://t.co/Fr8H4arwGj",0.0,0.622,0.378,0.807
125,2018-03-25,CBS,New start times in East/Central Time Zones #60Minutes 7:35ET/6:35CT #Instinct  8:35ET/7:35CT #NCISLA 9:35ET/8:35CT… https://t.co/8W5hAeLrvs,0.0,1.0,0.0,0.0
126,2018-03-25,CBS,Don’t miss a minute of the action. Stream the Elite Eight® games LIVE today starting at 2PM ET with a FREE trial of… https://t.co/8NwU8HdiHR,0.062,0.78,0.157,0.5319
127,2018-03-24,CBS,RT @MomCBS: That's a wrap on the #Mom panel at #PaleyFest! Thanks for following along! https://t.co/we4JgqPt6P,0.0,0.801,0.199,0.5399
128,2018-03-24,CBS,RT @MomCBS: A fan just commented that #Mom helped bring him out of a deep depression. ??? #PaleyFest,0.185,0.7,0.115,-0.34
129,2018-03-24,CBS,"RT @MomCBS: ""Go out for it anyway. If you're good for the role, you're good for the role."" @theJaimePressly's advice for aspiring actors wi…",0.0,0.791,0.209,0.7003
130,2018-03-24,CBS,RT @MomCBS: Mom Co-Creator @GemmaRBaker just pointed out her own #Mom in the audience at #PaleyFest! ?,0.0,1.0,0.0,0.0
131,2018-03-24,CBS,"RT @MomCBS: ""I'm not someone in recovery who goes to AA, but I have taken so much away from it...to take one day at a time."" - @theJaimePre…",0.0,1.0,0.0,0.0
132,2018-03-24,CBS,"RT @MomCBS: ""You get to appreciate working with such talented people."" - @AnnaKFaris #Mom #PaleyFest",0.0,0.667,0.333,0.7184
133,2018-03-24,CBS,RT @MomCBS: “I love this job. I love working with these women. I love working in front of the live audience… It’s alive and it’s fun.” - @A…,0.0,0.58,0.42,0.9451
134,2018-03-24,CBS,"Get on your feet for @Jason_Aldean, @ThomasRhett, @ChrisStapleton, @KeithUrban, and @ChrisYoungMusic, the five nomi… https://t.co/oT5ogjdj4x",0.0,1.0,0.0,0.0
135,2018-03-23,CBS,Get ready for some sweet games! Stream #5 Clemson vs #1 Kansas LIVE at 7PM ET and #11 Syracuse vs #2 Duke LIVE at 9… https://t.co/4WstgrKNnW,0.0,0.806,0.194,0.6996
136,2018-03-23,CBS,RT @SEALTeamCBS: In honor of #NationalPuppyDay... ? #SEALTeam https://t.co/4mIZPpiRlU,0.0,0.686,0.314,0.4939
137,2018-03-23,CBS,"RT @HawaiiFive0CBS: Nothing like a man and his dog! ?? Happy #NationalPuppyDay to Eddie, the best pup on the Five-0 Task Force! #H50 https:…",0.0,0.645,0.355,0.8997
138,2018-03-22,CBS,Game on! 16 teams left and the race to the finish continues tonight. Stream #11 Loyola-Chicago vs #7 Nevada LIVE at… https://t.co/W374rmzzoC,0.0,1.0,0.0,0.0
139,2018-03-22,CBS,Save the date! These are season finales you do NOT want to miss. RT if you're excited! https://t.co/UUQoWsPPSh https://t.co/cDl4WmxMtU,0.066,0.623,0.311,0.7081
140,2018-03-22,CBS,Congratulations to all of the @CBSDaytime nominees for the #DaytimeEmmys! See the full list of #DaytimeEmmy nominee… https://t.co/ivJVJWvfsf,0.0,0.802,0.198,0.636
141,2018-03-21,CBS,Female Vocalist Of The Year nominee @MarenMorris will show her fans how it’s done when she takes the stage to showc… https://t.co/PITjmAoFT8,0.0,1.0,0.0,0.0
142,2018-03-20,CBS,The legendary @Reba returns to host the 53rd #ACMawards and she’s proving just how comfortable she is behind the mi… https://t.co/XPXcSPRXqC,0.0,0.858,0.142,0.5106
143,2018-03-20,CBS,RT @nancyodell: Told my daughter I'd be presenting at @ACMawards again this year. (Woot woot!We both luv country music!)She took this pic o…,0.0,1.0,0.0,0.0
144,2018-03-20,CBS,RT @ladyantebellum: Ecstatic to announce we'll be performing at the #ACMawards in Las Vegas again this year! https://t.co/Qfhs94j6FR,0.0,0.826,0.174,0.5562
145,2018-03-20,CBS,"Country superstars @kennychesney, @ladyantebellum, @blakeshelton, and @KeithUrban have just been added to the stell… https://t.co/bJ4If7MacP",0.0,1.0,0.0,0.0
146,2018-03-19,CBS,"RT @YandR_CBS: Forever evolving, Forever inspiring, Forever Young and Restless. ?? Get ready to celebrate 45 years of #YR starting in just…",0.072,0.619,0.309,0.7845
147,2018-03-18,CBS,New start times in East/Central Time Zones: #60Minutes 7:37ET/6:37CT #Instinct series premiere 8:37ET/7:37CT… https://t.co/xT3YKqmu2M,0.0,1.0,0.0,0.0
148,2018-03-18,CBS,Spend your Sunday streaming Second Round games LIVE with a FREE trial of CBS All Access! https://t.co/3P85rXLy4b https://t.co/zbWfirD9Ju,0.0,0.787,0.213,0.6514
149,2018-03-18,CBS,"RT @instinctcbs: TONIGHT, Dr. Dylan Reinhart rewrites the book on abnormal behavior. Don't miss the premiere of #Instinct at 8/7c! https://…",0.0,0.92,0.08,0.1867
150,2018-03-17,CBS,"If any duo knows how to rock the stage, it's @FLAGALine. The Vocal Duo Of The Year nominee will perform live at the… https://t.co/FknabB8NQp",0.0,1.0,0.0,0.0
151,2018-03-17,CBS,How is your bracket looking after last night? Stream Second Round games LIVE today with a FREE trial of CBS All Acc… https://t.co/25JlIpgwog,0.0,0.839,0.161,0.6166
152,2018-03-17,CBS,Where better to spend #StPatricksDay than the place everybody knows your name? It’s just your luck that every singl… https://t.co/Fom5wmdENL,0.0,0.753,0.247,0.7096
153,2018-03-16,CBS,Stars @JakeMcDorman and Nik Dodani will join the cast in the upcoming revival of Murphy Brown coming to CBS.… https://t.co/JCAx29lo0i,0.0,0.896,0.104,0.296
154,2018-03-16,CBS,"RT @thegoodfight: Go behind the scenes with costume designer @DanLawsonStyle in ""Behind The Style,"" a new weekly video series all about the…",0.0,1.0,0.0,0.0
155,2018-03-16,CBS,The games have just begun! Continue to stream First Round games LIVE today with a FREE trial of CBS All Access:… https://t.co/YTGsJ48zYP,0.0,0.822,0.178,0.6514
156,2018-03-15,CBS,"RT @TheTalkCBS: You asked, we answered! The fun never ends when the ladies #KeepTalking and answer your fan questions ???? https://t.co/ie1…",0.0,0.763,0.237,0.7088
157,2018-03-15,CBS,RT @instinctcbs: Dr. Dylan Reinhart is lured back into the field from his life of quiet academia when a certain serial killer makes things…,0.157,0.766,0.077,-0.4939
158,2018-03-15,CBS,Stream First Round games LIVE today starting at 12PM ET with a FREE trial of CBS All Access! https://t.co/3P85rXLy4b https://t.co/vZow3YD8cb,0.0,0.806,0.194,0.6514
159,2018-03-15,CBS,RT @CBSSports: It's the most wonderful time of the year. #MarchMadness https://t.co/e4c9qohqSR,0.0,0.734,0.266,0.6115
160,2018-03-14,CBS,"Give these ladies some love! @Lauren_Alaina, @DBradbery, @carlypearce, and @RaeLynn are nominated for New Female Vo… https://t.co/IVhwURfJ3S",0.0,0.781,0.219,0.6696
161,2018-03-13,CBS,"RT @ManWithAPlan: Hungry for more #ManWithAPlan bloopers and behind-the-scenes videos featuring cast like @matt_leblanc, @thelizasnyder, @k…",0.0,0.857,0.143,0.3612
162,2018-03-13,CBS,"Music stars @MileyCyrus, @edsheeran, @ladygaga, and more will honor the legendary @eltonofficial and his hit songs… https://t.co/UzxARCCLnI",0.0,0.821,0.179,0.539
163,2018-03-12,CBS,RT @thegoodfight: The verdict is in. The new season of #TheGoodFight is ???! Stream it now on CBS All Access: https://t.co/FkYSNSXlRb https…,0.0,0.917,0.083,0.2244
164,2018-03-12,CBS,"RT @MadamSecretary: In less than an hour, #MadamSecretary's Keith Carradine will be taking over the @MadamSecretary Twitter page! Tweet alo…",0.0,1.0,0.0,0.0
165,2018-03-09,CBS,RT @DierksBentley: Take and post a photo of the woman in your life who inspires you daily! Use the hashtag #WomanAmenACM in your post for a…,0.0,0.883,0.117,0.4926
166,2018-03-09,CBS,"RT @MomCBS: If you missed guest star @KChenoweth in the latest episode of #Mom, not to worry! Watch now: https://t.co/RlvXoGOZ0l https://t.…",0.092,0.795,0.113,0.1275
167,2018-03-09,CBS,"Give a round of applause to @KelseaBallerini, @MirandaLambert, @Reba, @MarenMorris, and @CarrieUnderwood, the five… https://t.co/Ncp1BTXx6N",0.0,0.823,0.177,0.4215
168,2018-03-09,CBS,"RT @thegoodfight: Smart, sexy, and sophisticated. See what's coming this season on #TheGoodFight. https://t.co/CuKhx2G50P https://t.co/ygTI…",0.0,0.553,0.447,0.8658
169,2018-03-09,CBS,RT @BlueBloods_CBS: Even stand-up guys fall down sometimes. #BlueBloods is new tonight at 10/9c! https://t.co/UOlDm22wWW,0.0,1.0,0.0,0.0
170,2018-03-08,CBS,Today and every day we celebrate the women in our lives who empower and inspire us. Share a story about an influent… https://t.co/9rVtqrElvT,0.0,0.664,0.336,0.8625
171,2018-03-08,CBS,Take and post a photo of the woman in your life who inspires you daily! Use the hashtag #WomanAmenACM in your post… https://t.co/7ShhvE48zy,0.0,0.868,0.132,0.4926
172,2018-03-07,CBS,"RT @thegoodfight: Meticulously constructed. Soapy &amp; sexy. Intoxicating, savage television. ? Here's what critics are saying about #TheGoodF…",0.23,0.619,0.15,-0.2023
173,2018-03-07,CBS,"This just in! @Jason_Aldean, @mirandalambert, @LukeBryanOnline, and many more are set to perform at the 53rd Academ… https://t.co/mfxw2VxzU4",0.0,1.0,0.0,0.0
174,2018-03-06,CBS,"Meet the ensemble of talented actors slated to join $1, a new mystery series coming to CBS All Access:… https://t.co/QoyYv7vxwg",0.0,0.756,0.244,0.6705
175,2018-03-05,CBS,"Will @Jason_Aldean, @garthbrooks, @LukeBryanOnline, @ChrisStapleton, or @KeithUrban be named Entertainer Of The Yea… https://t.co/rMD8zjeX3s",0.0,0.833,0.167,0.3818
176,2018-03-04,CBS,"RT @thegoodfight: It feels good to be back. ??? The season 2 premiere of #TheGoodFight is now streaming, exclusively on CBS All Access: htt…",0.0,0.884,0.116,0.4404
177,2018-03-03,CBS,"RT @thegoodfight: Tomorrow, #TheGoodFight is back. Stream the season 2 premiere only on CBS All Access: https://t.co/tNFR8LBJO2 https://t.c…",0.0,1.0,0.0,0.0
178,2018-03-02,CBS,"Who are the trailblazing women in your life that inspire you? Join CBS and the ANA's #SeeHer initiative, celebratin… https://t.co/M0KqZ41Bes",0.0,0.753,0.247,0.7096
179,2018-03-02,CBS,"Join @maria_bello, @aishatyler and @TeaLeoni in celebrating the accomplishments of women who have contributed to th… https://t.co/MefESBeFL3",0.0,0.718,0.282,0.7096
180,2018-03-02,CBS,"In honor of Women's History Month, CBS and the Association of National Advertisers' (ANA) #SeeHer initiative will p… https://t.co/2wtYxKJVuO",0.0,0.849,0.151,0.4939
181,2018-03-01,CBS,RT @ZoeListerJones: Tonight’s an all new Life In Pieces and it’s directed by my ride or die @nataliaanderson!!!… https://t.co/2LPfmyLWrY,0.21,0.79,0.0,-0.6981
182,2018-03-01,CBS,"RT @MarenMorris: Hot damn! Woke up from my post-wisdom teeth haze to find out I’m up for 4 @ACMawards ! So honored, especially for the Dear…",0.092,0.749,0.159,0.4547
183,2018-03-01,CBS,RT @KelseaBallerini: Ohhhhh goodness. Incredible. Thank you thank you thank you. #female https://t.co/1ZTYjNfQeF,0.0,0.462,0.538,0.8591
184,2018-03-01,CBS,RT @KeithUrban: ACMs...... HOLY SMOKES!!!!! MAD LOVE TO U ALL THIS MORNING  FOR THESE INCREDIBLE NOMINATIONS. I’M EXTREMELY GRATEFUL!!!!!!!…,0.151,0.615,0.234,0.4885
185,2018-03-01,CBS,"RT @ACMawards: Congratulations to this year’s #ACMawards Video of the Year nominees:
“Black” - @DierksBentley
“It Ain’t My Fault” - @Brothe…",0.0,0.822,0.178,0.5994
186,2018-03-01,CBS,"RT @ACMawards: Please give a round of applause to this year’s #ACMawards Entertainer of the Year nominees: @Jason_Aldean, @GarthBrooks, @Lu…",0.0,0.675,0.325,0.7717
187,2018-03-01,CBS,".@ChrisStapleton, @ThomasRhett, @mirandalambert and more are all nominated for awards at Country Music's Party of t… https://t.co/Vm1vXRUDYJ",0.0,0.725,0.275,0.6908
188,2018-03-01,CBS,"The Queen of Country, @Reba, is returning to host the 53rd #ACMawards on Sunday, April 15 at 8/7c. Here are a few o… https://t.co/Iqzz6Gql01",0.0,1.0,0.0,0.0
189,2018-03-01,CBS,RT @survivorcbs: It’s time! #Survivor https://t.co/YPk6cGWrUA,0.0,1.0,0.0,0.0
190,2018-02-28,CBS,"RT @CBSThisMorning: TOMORROW: The nominees for the 2018 @ACMawards will be announced live by the one-and-only, @Reba! 

Watch on @CBS in ou…",0.0,1.0,0.0,0.0
191,2018-02-28,CBS,"RT @thegoodfight: From the set design and costumes to hair and makeup, the production quality is truly next-level. Take a peek inside the u…",0.0,0.884,0.116,0.4404
192,2018-02-27,CBS,RT @LivinBiblically: The fun continues on Facebook! The #LivingBiblically cast is live to talk about tonight’s premiere. Tune in here: http…,0.0,0.848,0.152,0.5562
193,2018-02-26,CBS,"RT @KevinCanWaitCBS: Can you get all the way through these #KevinCanWait bloopers without laughing?! @KevinJames,@LeahRemini and the rest o…",0.0,1.0,0.0,0.0
194,2018-02-26,CBS,"RT @ACMawards: That’s right! @Reba is headed to @CBSThisMorning on Thursday, March 1 to announce this year’s #ACMAwards' nominees. Tune in…",0.0,1.0,0.0,0.0
195,2018-02-26,CBS,"RT @ScorpionCBS: You can't hack your way to a 197 IQ, but you are well on your way with these Genius Facts from #TeamScorpion! ? You can be…",0.0,0.895,0.105,0.4482
196,2018-02-26,CBS,RT @SuperiorDonuts: You can always count on @DavidKoechner for a laugh! Did your favorite Tush moment make the list? Catch a new #SuperiorD…,0.0,0.734,0.266,0.784
197,2018-02-26,CBS,RT @TheTalkCBS: TODAY: We loved them together then &amp; we love seeing them together now! Welcome back to the show @THESaraGilbert?'s good fri…,0.0,0.571,0.429,0.9359
198,2018-02-26,CBS,"RT @thegoodfight: As foundations begin to crumble, our characters struggle to make sense of this new dystopian world. The cast teases what'…",0.184,0.816,0.0,-0.5423
199,2018-02-26,CBS,"#LivingBiblically's @linzkraft and @jrfergjr appeared on @KCBS's Facebook Live this morning, talking all about what… https://t.co/4RebcHuuMQ",0.0,1.0,0.0,0.0
200,2018-04-05,FOX,BREAKING: 5.3 earthquake strikes near Los Angeles  @ShepNewsTeam https://t.co/gZJmLXzUsI,0.238,0.762,0.0,-0.3612
201,2018-04-05,FOX,.@USGS: 5.3 earthquake strikes near Los Angeles. https://t.co/LeMDb29i1P,0.263,0.737,0.0,-0.3612
202,2018-04-05,FOX,.@amazon stock. https://t.co/18gD2sZ7Z3,0.0,1.0,0.0,0.0
203,2018-04-05,FOX,'Law-Abiding Citizens Are the Majority!': Gun Owner Takes on City Council in Gun Show Debate https://t.co/ngXmwVJw0n https://t.co/jD8AeOqa8G,0.253,0.747,0.0,-0.6239
204,2018-04-05,FOX,"Texas elected official gets misdemeanor, accused of berating a teen girl wearing #Trump t-shirt https://t.co/AT3pKscEcr",0.145,0.855,0.0,-0.296
205,2018-04-05,FOX,".@alexi on @USNationalGuard at the border: ""We know for sure that they won't have physical contact with immigrants… https://t.co/QgipSsksNE",0.0,0.887,0.113,0.3182
206,2018-04-05,FOX,TUNE IN: @DanaPerino sits down with Facebook COO Sheryl Sandberg FRIDAY on “The @DailyBriefing” at 2p ET on Fox New… https://t.co/BtNMYjA42I,0.0,1.0,0.0,0.0
207,2018-04-05,FOX,"RT @FoxBusiness: .@WVGovernor to @POTUS: ""What he's done that has impacted our state thus far, has changed our state in so many ways it's u…",0.0,1.0,0.0,0.0
208,2018-04-05,FOX,Mitt Romney's presidential campaign staffer allegedly made ex-fiancée his sex slave https://t.co/GKheQmN9t2,0.0,1.0,0.0,0.0
209,2018-04-05,FOX,"RT @FoxBusiness: ""I love him with all my heart, and I'll support him to the death. He's a great man.""

@WVGovernor Jim Justice recalled an…",0.105,0.509,0.386,0.8885
210,2018-04-05,FOX,"RT @FoxBusiness: .@POTUS on filing taxes: ""Next April, you're going to, in many cases, one page, one card. It's going to be very, very diff…",0.0,1.0,0.0,0.0
211,2018-04-05,FOX,.@USNationalGuard will only play supporting role to agents at the border https://t.co/6GSBJkgMFP,0.0,0.654,0.346,0.6486
212,2018-04-05,FOX,"Missing CDC employee's body found in river weeks after disappearance, police say https://t.co/Y73Bh8E2zN",0.155,0.845,0.0,-0.296
213,2018-04-05,FOX,".@gen_jackkeane on Syria strategy: ""I think it's an absolute mistake if we left. I mean, we learned a lesson when B… https://t.co/880C7Rofla",0.112,0.888,0.0,-0.34
214,2018-04-05,FOX,"RT @FoxBusiness: .@POTUS on sanctuary cities: ""It's basically a city to protect a lot of people that are bad people."" https://t.co/4qlWZK6s…",0.152,0.736,0.113,-0.2263
215,2018-04-05,FOX,"RT @FoxBusiness: .@POTUS on immigration: ""We have the worst laws."" https://t.co/ooumx4ccqV",0.291,0.709,0.0,-0.6249
216,2018-04-05,FOX,"RT @FoxBusiness: .@POTUS: ""It's wonderful to be back in West Virginia. It was a very special place during the election for me. It was not e…",0.0,0.775,0.225,0.7713
217,2018-04-05,FOX,"RT @FoxBusiness: .@POTUS on West Virginia's Senator Joe Manchin: ""He voted against our tax cuts and that was bad."" https://t.co/C5sggYFbwu",0.104,0.896,0.0,-0.296
218,2018-04-05,FOX,"RT @FoxBusiness: .@POTUS on trade with China: ""We can't continue to allow this to happen where hundreds of billions of dollars is taken out…",0.068,0.932,0.0,-0.1695
219,2018-04-05,FOX,".@POTUS: ""Mexico's been pretty good. They were very good to us yesterday because you know, they had the caravan of… https://t.co/PPxuyHx96Q",0.0,0.667,0.333,0.8402
220,2018-04-05,FOX,".@POTUS: ""We're working very hard on NAFTA with Mexico and Canada."" https://t.co/NuJZrJGjn9",0.133,0.867,0.0,-0.1761
221,2018-04-05,FOX,".@POTUS: ""If you look at the European Union, it's very solidly against us in terms of trade."" https://t.co/aqwoQ77Qjt",0.0,1.0,0.0,0.0
222,2018-04-05,FOX,".@POTUS on trade with China: ""You understand the concept of being taken advantage of and we can't be taken advantag… https://t.co/QOE6qIieuJ",0.0,0.909,0.091,0.25
223,2018-04-05,FOX,".@POTUS: ""For many years, no president wanted to go against China economically, and we're going to do it."" https://t.co/dvRRTuHKUZ",0.109,0.891,0.0,-0.296
224,2018-04-05,FOX,".@POTUS on tax reform: ""Once again...America is open for business."" https://t.co/GWHRlt0MSu",0.0,1.0,0.0,0.0
225,2018-04-05,FOX,President @realDonaldTrump holds a discussion on tax reform in West Virginia. https://t.co/kYlz1AzK56,0.0,1.0,0.0,0.0
226,2018-04-05,FOX,'Black Panther' to break Saudi Arabia's 35-year cinema ban https://t.co/z1m8UMy7BI (via @christocarbone),0.247,0.753,0.0,-0.5574
227,2018-04-05,FOX,"Escondido man: ""I came to this country 45 years ago with me and my mother. Okay? 45 years ago we were not offered s… https://t.co/l8pVdI4l9r",0.0,0.927,0.073,0.2263
228,2018-04-05,FOX,"NYT Columnist: Obama, Bush May Have to Team Up to Stop 'Constitutional Crisis' https://t.co/W4VPodBgCt",0.344,0.656,0.0,-0.743
229,2018-04-05,FOX,.@Judgenap: Mueller Could Be Giving Trump 'False Sense of Security' Before Interview https://t.co/mCx6Fa20YB,0.0,0.696,0.304,0.5859
230,2018-04-05,FOX,"Medal of Honor recipients welcomed with motorcade, hundreds of spectators in Texas https://t.co/AP81MpT05d",0.0,0.535,0.465,0.8271
231,2018-04-05,FOX,"2018 hurricane season will be 'slightly above-average,' researchers say (via @travfed)  https://t.co/dG7FdUvttb",0.0,1.0,0.0,0.0
232,2018-04-05,FOX,'One of the worst DUI offenders in the US' arrested with liquor bottle in passenger seat: cops https://t.co/HUeEQzZ7pQ,0.393,0.607,0.0,-0.8658
233,2018-04-05,FOX,".@KenPaxtonTX: ""At least during the first 2 years of his administration, [@POTUS] has done more for border security… https://t.co/y2zSDKvedc",0.0,1.0,0.0,0.0
234,2018-04-05,FOX,"Jennifer Garner is looking for 'the one' after Ben Affleck split, report says https://t.co/mWzH4WHmyD",0.0,1.0,0.0,0.0
235,2018-04-05,FOX,.@ChiefPentSpox holds a briefing  https://t.co/5FO4s4OMLG,0.0,1.0,0.0,0.0
236,2018-04-05,FOX,".@GovMikeHuckabee: ""Having @HillaryClinton come in and campaign for you if you are a Democrat candidate is like hav… https://t.co/hAIo4p0MdK",0.0,0.872,0.128,0.3612
237,2018-04-05,FOX,Air Force One departs Joint Base Andrews en route to West Virginia.  https://t.co/dtTwGL4RDI,0.0,1.0,0.0,0.0
238,2018-04-05,FOX,"JUST IN: Body of CDC worker missing for nearly two months found in a Georgia river, police say https://t.co/Y73Bh8E2zN",0.115,0.885,0.0,-0.296
239,2018-04-05,FOX,Google employees plead with CEO to drop out of Pentagon AI project https://t.co/5z8Jefl1X1 #fntech (via @christocarbone),0.123,0.877,0.0,-0.2732
240,2018-04-05,FOX,"Marie Harf on @HillaryClinton: ""For the sake of the [Democratic] Party, I think she needs to take a lower profile.""… https://t.co/8EdEQqhAqk",0.1,0.776,0.123,0.128
241,2018-04-05,FOX,"'Obamas Were Never Attacked Like This': @RCamposDuffy Blasts @jimmykimmel for Going After @FLOTUS, Barron https://t.co/Gwzx3WFakN",0.162,0.703,0.135,-0.128
242,2018-04-05,FOX,Students hold Second Amendment rally to counter walkout pushing for stricter gun laws https://t.co/K48qh08Qmq,0.281,0.719,0.0,-0.5719
243,2018-04-05,FOX,".@GovMikeHuckabee: ""There has been real strong evidence of obstruction of justice - by Peter Strzok, Lisa Page, by… https://t.co/Tm0dxSqZ0F",0.0,0.705,0.295,0.7717
244,2018-04-05,FOX,".@KatiePavlich: ""This idea that we could never militarize the border is ridiculous considering it's an internationa… https://t.co/zzm84C3nfb",0.135,0.865,0.0,-0.3612
245,2018-04-05,FOX,"Facebook's Zuckerberg says he made 'huge mistake,' must take 'broader view' of responsibility https://t.co/COAjuh1NJB (via @christocarbone)",0.0,0.867,0.133,0.3182
246,2018-04-05,FOX,".@tobykeith opens up about country music today, gun control and abortion https://t.co/SEVJL3xfw9",0.179,0.821,0.0,-0.34
247,2018-04-05,FOX,Service dogs enjoy outing at Disneyland during training https://t.co/DUfSjVQku9 https://t.co/i49tepEX6W,0.0,0.738,0.262,0.4939
248,2018-04-05,FOX,".@GovMikeHuckabee: ""President Obama... also put guard on the border, as did President Bush."" #Outnumbered https://t.co/ChelbiPlnh",0.0,1.0,0.0,0.0
249,2018-04-05,FOX,Denver Broncos star Von Miller investigated over picture with bloody hammerhead shark (via @RyanGaydos) https://t.co/LKTEx6Lkqx,0.172,0.828,0.0,-0.4404
250,2018-04-05,FOX,"DiGenova: Conduct by Mueller, Rosenstein an 'Embarrassment,' Undermines Equal Enforcement https://t.co/z83K9zbB7a",0.194,0.806,0.0,-0.34
251,2018-04-05,FOX,'This Crisis Is Real': @SecNielsen Says Migrants 'Taking Advantage of Immigration Law Loopholes'… https://t.co/RI3unYW0n9,0.227,0.663,0.11,-0.4767
252,2018-04-05,FOX,WWE star 'Luscious' Johnny Valiant killed while crossing street https://t.co/0Orcp1UeWU,0.333,0.667,0.0,-0.6705
253,2018-04-05,FOX,UK lawmaker on London’s murder surge: ‘Enough is enough’ (via @travfed)  https://t.co/WFsvBMCdNz,0.299,0.701,0.0,-0.6908
254,2018-04-05,FOX,2nd-Grader Brings Home Paper From School Detailing White Privilege https://t.co/8wXJ39KJzU,0.0,0.783,0.217,0.3612
255,2018-04-05,FOX,2018 border apprehensions - February and March. https://t.co/INGl3kq9Fn,0.241,0.759,0.0,-0.2263
256,2018-04-05,FOX,Photo of fiery bubble that stretches 65 feet in the air stuns the Internet https://t.co/YXzRHf8FCB,0.145,0.788,0.067,-0.3182
257,2018-04-05,FOX,.@TheRock gets honest about a possible political run https://t.co/5jnqTae73t https://t.co/gLGv7SSbuu,0.0,0.708,0.292,0.5106
258,2018-04-05,FOX,How George R.R. Martin went from revered 'Game of Thrones' author to the literary world's biggest villain https://t.co/d6OUs2I8q5,0.157,0.699,0.144,-0.0772
259,2018-04-05,FOX,"On Twitter, @RandPaul defended @EPAScottPruitt against mounting criticism. https://t.co/SqgsCuUHuv",0.266,0.734,0.0,-0.4404
260,2018-04-05,FOX,"Gun owner: ""When are you all gonna start standing up for the majority?...I'm the majority! I'm a law-abiding citize… https://t.co/GAlaSr7Y85",0.13,0.87,0.0,-0.4003
261,2018-04-05,FOX,"RT @FoxBusiness: .@RepLeeZeldin on China tariff tension: ""We don't want it to go too long, because... in a way both sides will lose."" https…",0.144,0.856,0.0,-0.3658
262,2018-04-05,FOX,"RT @FoxBusiness: .@RepLeeZeldin on China trade: ""The president is trying something new, obviously the status quo isn't working."" https://t.…",0.0,1.0,0.0,0.0
263,2018-04-05,FOX,"Tony Finau injures ankle, pops it back into place at Masters Par-3 contest https://t.co/7a4OaLYIob",0.0,1.0,0.0,0.0
264,2018-04-05,FOX,Dwayne 'The Rock' Johnson gets honest about a possible political run https://t.co/NSuopXfnZw,0.0,0.752,0.248,0.5106
265,2018-04-05,FOX,".@AriFleischer: ""We need to stop the illegal immigrant flows... @TheDemocrats should give @POTUS $25 billion for th… https://t.co/vGav7qbv1X",0.266,0.734,0.0,-0.7003
266,2018-04-05,FOX,"Escondido man: ""I came to this country 45 years ago with me and my mother. Okay? 45 years ago we were not offered s… https://t.co/VGITOtzgDL",0.0,0.927,0.073,0.2263
267,2018-04-05,FOX,".@CharlesHurt: ""China has been taking advantage of us for a very, very long time, going back decades."" https://t.co/kosGhduccI",0.0,0.889,0.111,0.25
268,2018-04-05,FOX,INSPIRING: This one-armed high school athlete from Tennessee is catching both baseballs and the attention of millio… https://t.co/zdabbJEDCh,0.0,0.828,0.172,0.5473
269,2018-04-05,FOX,"Supersonic planes could make big comeback with quieter, 'low-boom' NASA aircraft https://t.co/ucqD1Aa2oW",0.0,1.0,0.0,0.0
270,2018-04-05,FOX,TUNE IN: @DanaPerino sits down with Facebook COO Sheryl Sandberg FRIDAY on “The @DailyBriefing” at 2p ET on Fox New… https://t.co/8flwGVL3Em,0.0,1.0,0.0,0.0
271,2018-04-05,FOX,"Colorado students, feeling silenced by pro-gun control activists, hold Second Amendment rally… https://t.co/eEYlMKPWDg",0.0,0.889,0.111,0.128
272,2018-04-05,FOX,'Colored people' remark prompts DNC member's departure https://t.co/ZDHuJhs4ys,0.0,1.0,0.0,0.0
273,2018-04-05,FOX,"US jobless claims rise, remain near multi-decade lows - via @FoxBusiness https://t.co/DdTD36UhWf",0.153,0.847,0.0,-0.2023
274,2018-04-05,FOX,".@SecNielsen: ""I really will continue to ask Congress to please work with me in the next couple months to pass legi… https://t.co/uw2CQNG28Q",0.0,0.901,0.099,0.3182
275,2018-04-05,FOX,"RT @FoxBusiness: .@larry_kudlow: ""China's unfair and illegal trading actions are damaging to economic growth for the U.S., for China, and t…",0.338,0.574,0.088,-0.8126
276,2018-04-05,FOX,"RT @FoxBusiness: .@larry_kudlow: ""I think it's possible... to be in the 3 to 4% growth zone."" https://t.co/9vhvWF9WZ5",0.0,0.852,0.148,0.3818
277,2018-04-05,FOX,"RT @FoxBusiness: .@larry_kudlow on China trade: ""I think we are going to get a deal over a period of time... I think these barriers will co…",0.0,1.0,0.0,0.0
278,2018-04-05,FOX,RT @FoxBusiness: #BreakingNews: Weekly jobless claims: 242K (ACT) vs. 225K (EST). https://t.co/Qcsg51UyJw,0.0,1.0,0.0,0.0
279,2018-04-05,FOX,"Chinese student to be deported after paying $3,000 to impostor to help her get into American university https://t.co/1KdJgLtAc4",0.0,0.863,0.137,0.4019
280,2018-04-05,FOX,DRAMATIC VIDEO: Strangers help rescue man from burning car. https://t.co/UT3HhesSrC,0.0,0.571,0.429,0.7184
281,2018-04-05,FOX,"Baltimore Ravens GM, head coach set to be questioned in Kaepernick collusion case, report says (via @RyanGaydos) https://t.co/5ptlDKcmAw",0.076,0.924,0.0,-0.1027
282,2018-04-05,FOX,"Jaime King's son, 4, struck by glass after man smashes car windshield, police say https://t.co/VDwNieOBpC",0.125,0.875,0.0,-0.25
283,2018-04-05,FOX,"This morning, President @realDonaldTrump tweeted about the ""Caravan."" https://t.co/RoBC77LoHl",0.0,1.0,0.0,0.0
284,2018-04-05,FOX,"WWE's Stephanie McMahon talks first wrestling memories, signing Ronda Rousey https://t.co/2LjcWkzSQ2",0.0,1.0,0.0,0.0
285,2018-04-05,FOX,".@WVGovernor: ""@POTUS and I are great friends and he's doing a wonderful job... His tax reform has really taken hol… https://t.co/9xkxuXVoUW",0.0,0.595,0.405,0.8979
286,2018-04-05,FOX,Chip and Joanna Gaines get baby goat as surprise for kids after 'Fixer Upper' finale https://t.co/eDL9ewBT8t,0.0,0.877,0.123,0.2732
287,2018-04-05,FOX,"Lawsuit calls Mississippi flag ""racially demeaning."" https://t.co/G06NMiCjkC",0.241,0.759,0.0,-0.2263
288,2018-04-05,FOX,"Skeletal remains on Long Island identified as Louise Pietrewicz, missing since 1966 https://t.co/pqdpdTc0M5",0.155,0.845,0.0,-0.296
289,2018-04-05,FOX,"""I don't believe that guns are the problem.""

Colorado students hold pro-gun rally. https://t.co/kVvTYNGdid",0.0,1.0,0.0,0.0
290,2018-04-05,FOX,"Fiery sanctuary fight in Escondido, California; @GriffJenkins reports. https://t.co/8BDxbixNu3",0.417,0.583,0.0,-0.6124
291,2018-04-05,FOX,Over a million illegal immigrants now have California driver's licenses. https://t.co/DwgWqpvssp,0.286,0.714,0.0,-0.5574
292,2018-04-05,FOX,South Korea's top university promises it's not working on 'killer robots' despite new AI weapons lab https://t.co/6hoFGgacqN,0.0,0.559,0.441,0.85
293,2018-04-05,FOX,".@RCamposDuffy: ""[Liberals] only like a certain type of immigrant - the ones that they can use to advance their ide… https://t.co/pueqnV7N8o",0.0,0.787,0.213,0.5574
294,2018-04-05,FOX,".@HeatherZuma: ""The jobs state is off the charts. Unemployment is very low. Wage growth is picking up."" https://t.co/DOWauajqAt",0.229,0.648,0.124,-0.3462
295,2018-04-05,FOX,.@Judgenap: What Is Robert Mueller looking for? (via @FoxNewsOpinion) https://t.co/X41pNabDFG,0.0,1.0,0.0,0.0
296,2018-04-05,FOX,"Despite 'Roseanne' success, ABC is hardly a bastion for conservative values https://t.co/bG3gzu5XJF",0.0,0.584,0.416,0.7506
297,2018-04-05,FOX,Sex tape played for jurors in extortion trial of Waffle House chairman's ex-housekeeper https://t.co/lGHyQJgOx3,0.0,0.844,0.156,0.34
298,2018-04-05,FOX,".@newtgingrich: President Trump is up, elite media are down (via @FoxNewsOpinion) https://t.co/tRepUgAnLJ",0.0,1.0,0.0,0.0
299,2018-04-05,FOX,Sesame Place theme park becomes world's first Certified Autism Center https://t.co/TZt1PDpS0g,0.0,1.0,0.0,0.0
300,2018-04-05,NYT,?https://t.co/1pml2jWvw3,0.0,1.0,0.0,0.0
301,2018-04-05,NYT,"RT @dougmillsnyt: . @realDonaldTrump tosses his ""boring, prepared"" remarks into the air as he participated in a roundtable discussion on ta…",0.0,0.905,0.095,0.2263
302,2018-04-05,NYT,Yocheved Lerner-Miller is a matchmaker for Orthodox Jews who come from unorthodox backgrounds https://t.co/gkoLTCon2x,0.0,1.0,0.0,0.0
303,2018-04-05,NYT,"Bessie Stringfield's lasting power was in her presence, especially in the eyes of children, during a period when se… https://t.co/PvHGwIJTfu",0.0,1.0,0.0,0.0
304,2018-04-05,NYT,Why was this Passover Seder different from all other Passover Seders? https://t.co/sT8PpuMvJb,0.0,1.0,0.0,0.0
305,2018-04-05,NYT,"If there’s a trade war between China and the U.S., China may have some “unconventional weapons” https://t.co/CFzkdn3EYH",0.206,0.794,0.0,-0.5994
306,2018-04-05,NYT,RT @NYTHealth: Important advice for family and friends of opioid abusers from the US Surgeon General https://t.co/X4FqSJyWOO,0.16,0.622,0.218,0.0772
307,2018-04-05,NYT,The Chinese government has banned online retailers from selling the Bible https://t.co/FI57niyUeh,0.214,0.786,0.0,-0.4588
308,2018-04-05,NYT,RT @nytimesbusiness: A play-by-play recap of the rising US-China trade tensions https://t.co/aQITXzN6TP,0.213,0.787,0.0,-0.4019
309,2018-04-05,NYT,"If things really get nasty, the U.S. and China are financially intertwined in ways that China could seek to exploit https://t.co/BWYBcaHni6",0.217,0.783,0.0,-0.6461
310,2018-04-05,NYT,The Trump administration and California are fighting a furious multifront legal war https://t.co/MXCyAv25tq,0.515,0.408,0.077,-0.8625
311,2018-04-05,NYT,"In @NYTOpinion, 
Op-Ed contributor Richard A. Friedman writes: ""For $750, I could in theory purchase enough carfent… https://t.co/GcYDipQcNv",0.0,1.0,0.0,0.0
312,2018-04-05,NYT,Blackstone unveiled a $40 billion U.S. infrastructure fund with Saudi backing as President Trump visited the kingdo… https://t.co/W6KtFRyNbQ,0.0,0.936,0.064,0.0258
313,2018-04-05,NYT,A cyberattack forced 4 natural-gas pipeline operators in the U.S. to temporarily shut down computer communications… https://t.co/aOlr5RuyYE,0.176,0.824,0.0,-0.4588
314,2018-04-05,NYT,The tiny elevator in a Brooklyn housing project will forever be tainted by the murder of a 6-year-old inside nearly… https://t.co/dRJtlyIGOb,0.207,0.793,0.0,-0.6908
315,2018-04-05,NYT,"“Oh, God, you, too?” Women shared their experiences about Richard Meier, but say nothing happened to change the cul… https://t.co/F5McBQYJ2X",0.0,0.847,0.153,0.3071
316,2018-04-05,NYT,"The ""caravan"" story was the kind of story destined to take a dark turn through the conservative news media and grab… https://t.co/qjsURRHxAR",0.0,1.0,0.0,0.0
317,2018-04-05,NYT,"@rcallimachi ISIS also issued birth certificates, like this one, for children born under the caliphate's black flag… https://t.co/lIjN0FZReH",0.0,0.872,0.128,0.3612
318,2018-04-05,NYT,@rcallimachi ISIS confiscated land owned by farmers who belonged to religions that were banned by the group. Leases… https://t.co/B0Ncx5uHtK,0.143,0.857,0.0,-0.4588
319,2018-04-05,NYT,@rcallimachi Many people fled or were driven out when ISIS took power. The militants seized their homes. And then t… https://t.co/y31Bia1WoI,0.0,1.0,0.0,0.0
320,2018-04-05,NYT,@rcallimachi Pamphlets told men how to dress to follow the path laid by Muhammad. Among the guidance: the exact spo… https://t.co/g0bQzft4rX,0.0,1.0,0.0,0.0
321,2018-04-05,NYT,"@rcallimachi ISIS policed its population with zeal, with citizens thrown in jail for obscure crimes like eyebrow tr… https://t.co/IEgejMfUmR",0.0,0.878,0.122,0.3612
322,2018-04-05,NYT,"On 5 trips to Iraq, @rcallimachi recovered more than 15,000 pages of internal ISIS documents from 11 Iraqi cities a… https://t.co/dFpogcEZJO",0.0,1.0,0.0,0.0
323,2018-04-05,NYT,RT @nytopinion: Computer scientists and Donald Trump agree: Paper is the safest and simplest solution to prevent a hacked election. https:/…,0.103,0.57,0.327,0.5994
324,2018-04-05,NYT,"Sally Yates, who was fired as acting attorney general for refusing to defend the travel ban, said that President Tr… https://t.co/YJoNUg55fj",0.355,0.645,0.0,-0.872
325,2018-04-05,NYT,"Emma González. 
Rose McGowan. 
The Dora Milaje soldiers in Black Panther. 
Natalie Portman in “V for Vendetta."" 
Ch… https://t.co/kdf2uTfNH9",0.0,1.0,0.0,0.0
326,2018-04-05,NYT,A family in California whose son was permanently scarred by bedbug bites has been awarded nearly $1.6 million by a… https://t.co/AZAtQx2PHg,0.0,0.876,0.124,0.4019
327,2018-04-05,NYT,Tiger Woods saved par on the first hole. Stay for live updates from the first round of the 2018 Masters: https://t.co/xuVpVbHVbx,0.0,0.877,0.123,0.4215
328,2018-04-05,NYT,"""We hear the first shot, the guy went down and then they started firing again,"" a witness said https://t.co/F7IkBHMaR1",0.124,0.876,0.0,-0.34
329,2018-04-05,NYT,The potential $6 billion deal comes at a time when the Trump administration is both weighing more extensive sanctio… https://t.co/ZNx37pG57M,0.0,1.0,0.0,0.0
330,2018-04-05,NYT,"Dr. Evil made a surprise appearance on ""The Tonight Show"" to talk about — what else? — the Trump administration. Ou… https://t.co/rKKQ4vUFuf",0.187,0.723,0.089,-0.5106
331,2018-04-05,NYT,"Robert Mueller is emphasizing his lack of independence to defend the indictment of Paul Manafort, President Trump's… https://t.co/fexJ1c5QGW",0.119,0.881,0.0,-0.3182
332,2018-04-05,NYT,"Over more than a year, @rcallimachi recovered more than 15,000 pages of Islamic State documents. They reveal the in… https://t.co/yXlvxBbb5t",0.0,1.0,0.0,0.0
333,2018-04-05,NYT,"Footage of what appeared to be a public royal spat between Queen Sofía and her daughter-in-law, Queen Letizia, spre… https://t.co/5LZbHjI2V4",0.0,1.0,0.0,0.0
334,2018-04-05,NYT,"Documents show that 2 accusers who reached settlements were required to turn over all evidence, including audio rec… https://t.co/bJYwh2Q0Zl",0.0,0.924,0.076,0.1027
335,2018-04-05,NYT,The U.S. military is spending about $1 million to help detain thousands of ISIS fighters and their family members i… https://t.co/syzwD1YhMv,0.162,0.729,0.109,-0.0772
336,2018-04-05,NYT,A closer look at some of the thousands of documents left behind by the Islamic State when it fled parts of Iraq https://t.co/SyZOehBuDA,0.0,1.0,0.0,0.0
337,2018-04-05,NYT,Morning Briefing: Here's what you need to know to start your day https://t.co/tMArFKlxuF https://t.co/YyUJjljxnf,0.0,1.0,0.0,0.0
338,2018-04-05,NYT,A referee shooed women out of a Sumo ring in Kyoto when they rushed to offer lifesaving measures to a politician wh… https://t.co/uix0U522C6,0.0,1.0,0.0,0.0
339,2018-04-05,NYT,"Salman Khan, one of India's biggest stars, is convicted of killing antelopes https://t.co/VcgkiwXclp",0.268,0.732,0.0,-0.6597
340,2018-04-05,NYT,ISIS ran a marriage office that oversaw medical examinations to ensure that couples could have children. It issued… https://t.co/0g5uP8Nlqn,0.0,0.867,0.133,0.3818
341,2018-04-05,NYT,"Your daily @DealBook Briefing:

• Mark Zuckerberg disclosed more on how much Facebook user data may have been acces… https://t.co/8dwrRjOi3Z",0.0,1.0,0.0,0.0
342,2018-04-05,NYT,"Separately, investigators have asked witnesses about a meeting George Nader attended in 2017 with a New York hedge… https://t.co/NN4sySsi9A",0.0,1.0,0.0,0.0
343,2018-04-05,NYT,President Trump dropped his insistence on an immediate withdrawal of troops from Syria after commanders told him th… https://t.co/z0u4wP2i1M,0.0,0.942,0.058,0.0258
344,2018-04-05,NYT,"By shielding consumers, President Trump has put American manufacturers in the cross hairs of a potential global tra… https://t.co/MgYwmBUG0T",0.0,1.0,0.0,0.0
345,2018-04-05,NYT,Farmers worry that President Trump's plans to penalize Chinese trade practices will result in retaliation against U… https://t.co/HPl9MD74QV,0.146,0.854,0.0,-0.4404
346,2018-04-05,NYT,Police officers shot and killed a black man in Brooklyn who was known to be mentally ill after he pointed what the… https://t.co/R2yB32fzYb,0.267,0.733,0.0,-0.8074
347,2018-04-05,NYT,"Nasim Najafi Aghdam, the woman who attacked YouTube on Tuesday, had a strong following for her often bizarre videos https://t.co/kmqPYa22OZ",0.215,0.65,0.134,-0.25
348,2018-04-05,NYT,"RT @RorySmith: Football is too scientific, too professional, too meticulously planned out for atmosphere to mean anything, or to make a dif…",0.0,1.0,0.0,0.0
349,2018-04-05,NYT,"White House officials moved quickly to calm fears of a potential trade war with China, saying the administration's… https://t.co/JbWVpJcwK1",0.279,0.625,0.096,-0.6597
350,2018-04-05,NYT,"How did ISIS hold onto so much land for so long? The answer is in more than 15,000 pages of internal ISIS documents… https://t.co/mUjLTNTNTC",0.0,1.0,0.0,0.0
351,2018-04-05,NYT,"Facebook said Cambridge Analytica, the firm connected to President Trump during the 2016 election, harvested data o… https://t.co/EqK23Z185j",0.0,1.0,0.0,0.0
352,2018-04-05,NYT,Morning Briefing: Here's what you need to know to start your day https://t.co/Sx0GUdtdEh https://t.co/Speo7kjKi7,0.0,1.0,0.0,0.0
353,2018-04-05,NYT,"People are asking not to be housed in properties that overlook the charred Grenfell Tower, or have only one exit, s… https://t.co/R28293B0vk",0.0,1.0,0.0,0.0
354,2018-04-05,NYT,"At Goldman Sachs's sprawling moneymaking machine in Britain, women are paid an average of 56% less than men. Men ou… https://t.co/RMgz8WD7wt",0.0,1.0,0.0,0.0
355,2018-04-05,NYT,Brazil's top court ruled that former President Luiz Inácio Lula da Silva can be sent to prison while he continues t… https://t.co/dPcWCsNs3F,0.131,0.797,0.072,-0.3612
356,2018-04-05,NYT,"RT @nytimesmusic: All aboard: ""Yellow Submarine"" will come to theaters around the world this summer https://t.co/eOj30xkGHN",0.0,0.932,0.068,0.0258
357,2018-04-05,NYT,"RT @nytimesworld: “We now have to talk about the fact that the food banks aren’t the problem, poverty is,” said the national head of German…",0.207,0.793,0.0,-0.7184
358,2018-04-05,NYT,The economic effects of a potential trade war with China could quickly escalate beyond tariffs… https://t.co/YUjtTJtjcz,0.218,0.782,0.0,-0.5994
359,2018-04-05,NYT,"""How much hate did I get for being a transvestite? It's very, very high,"" Eddie Izzard said in 2013. ""You know, if… https://t.co/99oHfBFcnm",0.156,0.844,0.0,-0.5719
360,2018-04-05,NYT,"RT @nytimesworld: He was the head of the police during a jihadist occupation of the ancient city of Timbuktu, in Mali. Now, he faces charge…",0.0,1.0,0.0,0.0
361,2018-04-05,NYT,RT @NYTStyles: James Aguiar and Mark Haldeman have been photographed for years in colorful and flamboyant suits along the Fifth Avenue East…,0.0,1.0,0.0,0.0
362,2018-04-05,NYT,Treasures taken by British troops 150 years ago could be returned to Ethiopia on a long-term loan from the Victoria… https://t.co/F0rDHokegG,0.0,0.872,0.128,0.4215
363,2018-04-05,NYT,Tech Tip: Wrestling With Auto-Correct https://t.co/kvmTgzSoi2,0.0,1.0,0.0,0.0
364,2018-04-05,NYT,"RT @FrankBruni: Is America a country with a heart or, under President Trump, only a spleen? My column, https://t.co/hhF19NG9dh",0.0,1.0,0.0,0.0
365,2018-04-05,NYT,"“We have to do this,” one woman recalled telling the other about coming forward. “Get your courage up. We’re just g… https://t.co/KdFz0by78C",0.0,0.868,0.132,0.4939
366,2018-04-05,NYT,"The late president’s eldest daughter was once talked of as his heir apparent. But, since 2014, she has completely d… https://t.co/Gpq6x3UvoW",0.0,1.0,0.0,0.0
367,2018-04-05,NYT,RT @nytopinion: Mr. Trump isn’t really distressed about small retailers or whether the United States Postal Service suffers losses deliveri…,0.321,0.578,0.101,-0.7264
368,2018-04-05,NYT,"Once you immerse yourself in the tasty, convenient world of sheet-pan suppers, you won’t want to stop https://t.co/xWzaAdQ5CN",0.113,0.821,0.067,-0.2263
369,2018-04-05,NYT,"A new generation of designers envisions a future where the African nation is known for its stylish fashion, not onl… https://t.co/7GqQfzL3Mf",0.0,1.0,0.0,0.0
370,2018-04-05,NYT,RT @nytimesworld: “My 5-year-old is so confused and still asks me when we are going home”: Many survivors of the Grenfell Tower fire in Lon…,0.19,0.81,0.0,-0.6588
371,2018-04-05,NYT,Former Fox News host Bill O'Reilly and his lawyers worked hard to keep quiet the women who accused him of sexual ha… https://t.co/cgy5ukjvi2,0.146,0.854,0.0,-0.3818
372,2018-04-05,NYT,"""This was the best lasagna I had ever eaten"" https://t.co/rGzdlzMoZH",0.0,0.656,0.344,0.6369
373,2018-04-05,NYT,A witness in the Russia inquiry has connections to Persian Gulf states and Moscow. He could link important strands… https://t.co/6ik9x4QwMu,0.0,0.909,0.091,0.2023
374,2018-04-05,NYT,"Australians Are the World’s Biggest Gambling Losers, and Some Seek Action https://t.co/hiPAQBcfLb",0.236,0.764,0.0,-0.5267
375,2018-04-05,NYT,"Over more than a year, @rcallimachi recovered more than 15,000 pages of Islamic State documents. They reveal the in… https://t.co/N6fPtNoZUt",0.0,1.0,0.0,0.0
376,2018-04-05,NYT,"NYT journalists scoured old Islamic State offices in Iraq, gathering over 15,000 pages of internal records abandone… https://t.co/vFgZ0ne1Ex",0.0,1.0,0.0,0.0
377,2018-04-05,NYT,"Sinclair's chairman: ""Do you understand that as a practical matter every word that comes out of the mouths of netwo… https://t.co/VTiIgJERMS",0.0,0.945,0.055,0.0258
378,2018-04-05,NYT,Police officers shot and killed a black man in Brooklyn who was known to be mentally ill after he pointed what the… https://t.co/qwtspMnw4X,0.267,0.733,0.0,-0.8074
379,2018-04-05,NYT,"RT @nytimesarts: One of the women who came forward to accuse John Kricfalusi, the creator of ""Ren &amp; Stimpy,"" of sexual misconduct said that…",0.073,0.927,0.0,-0.2023
380,2018-04-05,NYT,"Breaking News: Brazil's ex-president can be sent to prison while he appeals his corruption conviction, the country'… https://t.co/7iNLTKcEcS",0.163,0.837,0.0,-0.5106
381,2018-04-05,NYT,Facebook raised its estimate of how many peoples’ data was improperly used by a consulting firm tied to President T… https://t.co/D3Q1eh7jyb,0.0,1.0,0.0,0.0
382,2018-04-05,NYT,"What we know about Nasim Aghdam, the woman who attacked YouTube's headquarters https://t.co/4G7h97xMXG",0.2,0.8,0.0,-0.4588
383,2018-04-05,NYT,"Analysis: When it comes to Syria, President Trump has faithfully echoed Barack Obama’s hands-off policy https://t.co/VaFcmaDflJ",0.0,0.843,0.157,0.4215
384,2018-04-05,NYT,"RT @NYTNational: ?? “50 Years Later, Remembering King, and the Battles That Outlived Him”

https://t.co/4bGFU6n22G",0.157,0.843,0.0,-0.3818
385,2018-04-05,NYT,"RT @nytimesworld: Uzbeks continue to mourn their late dictator, Islam Karimov, and thousands troop daily to his lavish tomb — everyone, it…",0.123,0.877,0.0,-0.4215
386,2018-04-05,NYT,"""I admit that I approached 'Chappaquiddick' with a measure of skepticism and a tremor of dread,"" @aoscott writes https://t.co/h2rve4dMZ3",0.112,0.787,0.101,-0.0516
387,2018-04-05,NYT,Officials believe a woman who shot 3 people at YouTube’s headquarters before killing herself on Tuesday was angered… https://t.co/UIIJxLoS2N,0.216,0.784,0.0,-0.6597
388,2018-04-05,NYT,RT @NYTNational: The thousands who gathered in Memphis to commemorate the anniversary of Martin Luther King's assassination held signs with…,0.17,0.83,0.0,-0.5994
389,2018-04-05,NYT,"In the trade conflict between the U.S. and China, President Trump is trying to put American shoppers first — but ta… https://t.co/K3iU0ZS8m4",0.076,0.924,0.0,-0.1655
390,2018-04-05,NYT,"John Kasich is back in New Hampshire. It is both unclear what he's doing in the first-in-the-nation primary state,… https://t.co/boxhdlJgsG",0.095,0.905,0.0,-0.25
391,2018-04-05,NYT,"At the Pentagon, several officials privately expressed concern about sending National Guard troops to the border https://t.co/Q7J94Wby7J",0.0,1.0,0.0,0.0
392,2018-04-05,NYT,Police officers shot and killed a man in Brooklyn after he pointed what they believed was a gun at them. The object… https://t.co/GfW0WGz3WQ,0.266,0.734,0.0,-0.7845
393,2018-04-05,NYT,The latest on the trade conflict between the U.S. and China https://t.co/7rKkq1CTb6,0.173,0.827,0.0,-0.3182
394,2018-04-05,NYT,"They may happily coexist in your phone, but Bumble and Tinder, 2 of the world’s most popular dating apps, are at wa… https://t.co/XkJgMpbkyu",0.0,0.756,0.244,0.7535
395,2018-04-05,NYT,"“There are 300 kids and 400 women,” the director of a group coordinating the caravan said. “Babies with bibs and mi… https://t.co/c8qGtwSSEF",0.0,1.0,0.0,0.0
396,2018-04-05,NYT,"RT @adamgoldmanNYT: F.B.I. agents working with Mr. Mueller’s team stopped a Russian oligarch at a New York-area airport, questioned him abo…",0.163,0.837,0.0,-0.3182
397,2018-04-05,NYT,A cyberattack on a data network shared by U.S. gas pipeline operators exposed a potential vulnerability in the nati… https://t.co/9ifeqDF0zl,0.163,0.714,0.122,0.0516
398,2018-04-05,NYT,Evening Briefing: Here's what you need to know at the end of your day https://t.co/bkN6JpI9fJ,0.0,1.0,0.0,0.0
399,2018-04-05,NYT,"RT @NYTNational: In the half-century since Martin Luther King was assassinated in Memphis, the city has been immersed in poverty, segregati…",0.142,0.858,0.0,-0.5106
